date,view
2022-06-22,219
2022-06-23,164
2022-06-24,183
2022-06-25,181
2022-06-26,209
2022-06-27,170
2022-06-28,131
2022-06-29,189
2022-06-30,182
2022-07-01,201
2022-07-02,138
2022-07-03,168
2022-07-04,176
2022-07-05,180
2022-07-06,224
2022-07-07,173
2022-07-08,157
2022-07-09,133
2022-07-10,172
2022-07-11,175
2022-07-12,187
2022-07-13,225
2022-07-14,182
2022-07-15,132
2022-07-16,159
2022-07-17,200
2022-07-18,168
2022-07-19,149
2022-07-20,175
2022-07-21,193
2022-07-22,168
2022-07-23,132
2022-07-24,190
2022-07-25,204
2022-07-26,165
2022-07-27,211
2022-07-28,189
2022-07-29,127
2022-07-30,112
2022-07-31,86
2022-08-01,127
2022-08-02,156
2022-08-03,132
2022-08-04,124
2022-08-05,58
2022-08-06,105
2022-08-07,90
2022-08-08,105
2022-08-09,111
2022-08-10,107
2022-08-11,104
2022-08-12,172
2022-08-13,108
2022-08-14,137
2022-08-15,160
2022-08-16,153
2022-08-17,195
2022-08-18,149
2022-08-19,136
2022-08-20,116
2022-08-21,166
2022-08-22,181
2022-08-23,122
2022-08-24,221
2022-08-25,167
2022-08-26,209
2022-08-27,168
2022-08-28,183
2022-08-29,182
2022-08-30,222
2022-08-31,96
2022-09-01,82
2022-09-02,97
2022-09-03,94
2022-09-04,200
2022-09-05,213
2022-09-06,194
2022-09-07,150
2022-09-08,157
2022-09-09,108
2022-09-10,181
2022-09-11,152
2022-09-12,180
2022-09-13,161
2022-09-14,174
2022-09-15,200
2022-09-16,198
2022-09-17,151
2022-09-18,177
2022-09-19,152
2022-09-20,228
2022-09-21,211
2022-09-22,195
2022-09-23,216
2022-09-24,171
2022-09-25,176
2022-09-26,181
2022-09-27,157
2022-09-28,162
2022-09-29,181
2022-09-30,171
2022-10-01,142
2022-10-02,132
2022-10-03,174
2022-10-04,171
2022-10-05,226
2022-10-06,233
2022-10-07,161
2022-10-08,132
2022-10-09,154
2022-10-10,199
2022-10-11,194
2022-10-12,175
2022-10-13,166
2022-10-14,142
2022-10-15,84
2022-10-16,159
2022-10-17,214
2022-10-18,164
2022-10-19,143
2022-10-20,127
2022-10-21,159
2022-10-22,186
2022-10-23,132
2022-10-24,163
2022-10-25,175
2022-10-26,170
2022-10-27,170
2022-10-28,174
2022-10-29,225
2022-10-30,150
2022-10-31,178
2022-11-01,187
2022-11-02,212
2022-11-03,192
2022-11-04,192
2022-11-05,158
2022-11-06,154
2022-11-07,160
2022-11-08,186
2022-11-09,151
2022-11-10,162
2022-11-11,160
2022-11-12,126
2022-11-13,188
2022-11-14,165
2022-11-15,199
2022-11-16,206
2022-11-17,147
2022-11-18,207
2022-11-19,148
2022-11-20,138
2022-11-21,208
2022-11-22,205
2022-11-23,134
2022-11-24,155
2022-11-25,183
2022-11-26,155
2022-11-27,169
2022-11-28,173
2022-11-29,134
2022-11-30,148
2022-12-01,152
2022-12-02,161
2022-12-03,92
2022-12-04,125
2022-12-05,101
2022-12-06,96
2022-12-07,161
2022-12-08,161
2022-12-09,106
2022-12-10,115
2022-12-11,134
2022-12-12,145
2022-12-13,140
2022-12-14,105
2022-12-15,154
2022-12-16,124
2022-12-17,125
2022-12-18,134
2022-12-19,180
2022-12-20,184
2022-12-21,134
2022-12-22,136
2022-12-23,137
2022-12-24,141
2022-12-25,183
2022-12-26,142
2022-12-27,127
2022-12-28,131
2022-12-29,178
2022-12-30,80
2022-12-31,92
2023-01-01,83
2023-01-02,134
2023-01-03,137
2023-01-04,123
2023-01-05,202
2023-01-06,146
2023-01-07,132
2023-01-08,146
2023-01-09,168
2023-01-10,139
2023-01-11,133
2023-01-12,172
2023-01-13,137
2023-01-14,72
2023-01-15,84
2023-01-16,91
2023-01-17,71
2023-01-18,57
2023-01-19,33
2023-01-20,38
2023-01-21,27
2023-01-22,12
2023-01-23,6
2023-01-24,16
2023-01-25,15
2023-01-26,56
2023-01-27,52
2023-01-28,53
2023-01-29,127
2023-01-30,100
2023-01-31,72
2023-02-01,107
2023-02-02,114
2023-02-03,78
2023-02-04,82
2023-02-05,130
2023-02-06,90
2023-02-07,96
2023-02-08,126
2023-02-09,128
2023-02-10,151
2023-02-11,123
2023-02-12,111
2023-02-13,151
2023-02-14,114
2023-02-15,137
2023-02-16,184
2023-02-17,153
2023-02-18,170
2023-02-19,129
2023-02-20,114
2023-02-21,102
2023-02-22,122
2023-02-23,124
2023-02-24,147
2023-02-25,177
2023-02-26,100
2023-02-27,138
2023-02-28,106
2023-03-01,130
2023-03-02,143
2023-03-03,136
2023-03-04,120
2023-03-05,114
2023-03-06,125
2023-03-07,121
2023-03-08,133
2023-03-09,138
2023-03-10,152
2023-03-11,147
2023-03-12,127
2023-03-13,127
2023-03-14,225
2023-03-15,149
2023-03-16,140
2023-03-17,137
2023-03-18,111
2023-03-19,131
2023-03-20,128
2023-03-21,130
2023-03-22,148
2023-03-23,161
2023-03-24,122
2023-03-25,104
2023-03-26,154
2023-03-27,164
2023-03-28,141
2023-03-29,136
2023-03-30,172
2023-03-31,152
2023-04-01,165
2023-04-02,161
2023-04-03,150
2023-04-04,140
2023-04-05,145
2023-04-06,145
2023-04-07,140
2023-04-08,118
2023-04-09,123
2023-04-10,107
2023-04-11,123
2023-04-12,129
2023-04-13,140
2023-04-14,75
2023-04-15,129
2023-04-16,140
2023-04-17,137
2023-04-18,142
2023-04-19,143
2023-04-20,149
2023-04-21,137
2023-04-22,126
2023-04-23,135
2023-04-24,102
2023-04-25,163
2023-04-26,140
2023-04-27,140
2023-04-28,52
2023-04-29,65
2023-04-30,76
2023-05-01,39
2023-05-02,81
2023-05-03,127
2023-05-04,112
2023-05-05,113
2023-05-06,177
2023-05-07,119
2023-05-08,125
2023-05-09,135
2023-05-10,154
2023-05-11,149
2023-05-12,167
2023-05-13,104
2023-05-14,160
2023-05-15,179
2023-05-16,200
2023-05-17,199
2023-05-18,200
2023-05-19,226
2023-05-20,196
2023-05-21,175
2023-05-22,162
2023-05-23,156
2023-05-24,149
2023-05-25,141
2023-05-26,169
2023-05-27,153
2023-05-28,157
2023-05-29,157
2023-05-30,156
2023-05-31,145
2023-06-01,168
2023-06-02,172
2023-06-03,135
2023-06-04,198
2023-06-05,160
2023-06-06,216
2023-06-07,188
2023-06-08,146
2023-06-09,180
2023-06-10,161
2023-06-11,171
2023-06-12,198
2023-06-13,178
2023-06-14,157
2023-06-15,147
2023-06-16,154
2023-06-17,122
2023-06-18,187
2023-06-19,171
2023-06-20,145
2023-06-21,137
2023-06-22,146
2023-06-23,94
2023-06-24,107
2023-06-25,163
2023-06-26,124
2023-06-27,148
2023-06-28,131
2023-06-29,152
2023-06-30,137
2023-07-01,91
2023-07-02,170
2023-07-03,161
2023-07-04,163
2023-07-05,171
2023-07-06,179
2023-07-07,134
2023-07-08,141
2023-07-09,177
2023-07-10,155
2023-07-11,172
2023-07-12,176
2023-07-13,168
2023-07-14,121
2023-07-15,138
2023-07-16,198
2023-07-17,128
2023-07-18,150
2023-07-19,122
2023-07-20,160
2023-07-21,131
2023-07-22,142
2023-07-23,198
2023-07-24,185
2023-07-25,165
2023-07-26,161
2023-07-27,179
2023-07-28,161
2023-07-29,160
2023-07-30,149
2023-07-31,166
2023-08-01,157
2023-08-02,183
2023-08-03,222
2023-08-04,181
2023-08-05,157
2023-08-06,211
2023-08-07,173
2023-08-08,251
2023-08-09,158
2023-08-10,209
2023-08-11,151
2023-08-12,154
2023-08-13,181
2023-08-14,183
2023-08-15,193
2023-08-16,195
2023-08-17,268
2023-08-18,202
2023-08-19,136
2023-08-20,211
2023-08-21,180
2023-08-22,199
2023-08-23,205
2023-08-24,174
2023-08-25,186
2023-08-26,164
2023-08-27,199
2023-08-28,188
2023-08-29,204
2023-08-30,178
2023-08-31,98
2023-09-01,46
2023-09-02,78
2023-09-03,142
2023-09-04,207
2023-09-05,197
2023-09-06,176
2023-09-07,190
2023-09-08,231
2023-09-09,204
2023-09-10,204
2023-09-11,188
2023-09-12,169
2023-09-13,135
2023-09-14,174
2023-09-15,174
2023-09-16,176
2023-09-17,183
2023-09-18,162
2023-09-19,166
2023-09-20,191
2023-09-21,228
2023-09-22,187
2023-09-23,124
2023-09-24,180
2023-09-25,151
2023-09-26,213
2023-09-27,127
2023-09-28,184
2023-09-29,196
2023-09-30,142
2023-10-01,167
2023-10-02,148
2023-10-03,205
2023-10-04,203
2023-10-05,184
2023-10-06,165
